{"cameraMode":{"drawMode":0,"name":"Shaded","section":"Shading Mode"},"sceneLighting":false,"audioPlay":false,"sceneViewState":{"m_AlwaysRefresh":false,"showFog":true,"showSkybox":false,"showFlares":true,"showImageEffects":true,"showParticleSystems":true,"showVisualEffectGraphs":true,"m_FxEnabled":true},"in2DMode":false,"pivot":{"x":-4.859853267669678,"y":0.0732211098074913,"z":11.623738288879395},"rotation":{"x":0.1971207857131958,"y":-0.41788923740386965,"z":0.09340229630470276,"w":0.8819206357002258},"size":3.5516867637634279,"orthographic":true}